Country Name,Country Code,Indicator Name,Indicator Code,2010,2011,2012,2013,2014,2015,2016,2017,2018,2019,2020,2021
Aruba,ABW,"Life expectancy at birth, total (years)",SP.DYN.LE00.IN,75.404,75.465,75.531,75.636,75.601,75.683,75.617,75.903,76.072,76.248,75.723,74.626
Africa Eastern and Southern,AFE,"Life expectancy at birth, total (years)",SP.DYN.LE00.IN,58.41114975,59.29327139,60.05078025,60.70986956,61.33791748,61.85645814,62.4440502,62.92238962,63.36586261,63.75567792,63.31386033,62.45458965
Afghanistan,AFG,"Life expectancy at birth, total (years)",SP.DYN.LE00.IN,60.851,61.419,61.923,62.417,62.545,62.659,63.136,63.016,63.081,63.565,62.575,61.982
Africa Western and Central,AFW,"Life expectancy at birth, total (years)",SP.DYN.LE00.IN,54.55016917,55.01313789,55.34056099,55.67340551,55.92222899,56.19587235,56.58167849,56.88844583,57.18913927,57.55579555,57.22637273,56.98865678
Angola,AGO,"Life expectancy at birth, total (years)",SP.DYN.LE00.IN,56.726,57.596,58.623,59.307,60.04,60.655,61.092,61.68,62.144,62.448,62.261,61.643
Albania,ALB,"Life expectancy at birth, total (years)",SP.DYN.LE00.IN,77.936,78.092,78.064,78.123,78.407,78.644,78.86,79.047,79.184,79.282,76.989,76.463
Andorra,AND,"Life expectancy at birth, total (years)",SP.DYN.LE00.IN,,,,,,,,,,,,
Arab World,ARB,"Life expectancy at birth, total (years)",SP.DYN.LE00.IN,70.04125357,70.26151981,70.1804606,70.19651371,70.49262887,70.75822223,70.94306228,71.429596,71.63301665,71.84462603,70.92335959,70.81448302
United Arab Emirates,ARE,"Life expectancy at birth, total (years)",SP.DYN.LE00.IN,78.334,78.517,78.716,78.853,79.044,79.223,79.335,79.504,79.627,79.726,78.946,78.71
Argentina,ARG,"Life expectancy at birth, total (years)",SP.DYN.LE00.IN,75.721,76.124,76.467,76.491,76.755,76.76,76.308,76.833,76.999,77.284,75.892,75.39
Armenia,ARM,"Life expectancy at birth, total (years)",SP.DYN.LE00.IN,73.16,73.305,73.454,73.676,74.058,74.436,74.664,74.906,75.064,75.439,72.173,72.043
American Samoa,ASM,"Life expectancy at birth, total (years)",SP.DYN.LE00.IN,,,,,,,,,,,,
Antigua and Barbuda,ATG,"Life expectancy at birth, total (years)",SP.DYN.LE00.IN,76.82,77.104,77.35,77.583,77.858,77.913,78.152,78.268,78.511,78.691,78.841,78.497
Australia,AUS,"Life expectancy at birth, total (years)",SP.DYN.LE00.IN,81.69512195,81.89512195,82.04634146,82.14878049,82.3,82.4,82.44878049,82.5,82.74878049,82.9,83.2,83.3
Austria,AUT,"Life expectancy at birth, total (years)",SP.DYN.LE00.IN,80.5804878,80.98292683,80.93658537,81.13658537,81.4902439,81.1902439,81.64146341,81.64390244,81.69268293,81.89512195,81.19268293,81.23902439
Azerbaijan,AZE,"Life expectancy at birth, total (years)",SP.DYN.LE00.IN,69.529,69.984,70.36,70.881,71.116,71.451,72.004,72.248,72.76,73.102,66.868,69.366
Burundi,BDI,"Life expectancy at birth, total (years)",SP.DYN.LE00.IN,57.081,57.769,58.493,59.235,59.868,60.217,60.793,61.553,61.688,62.351,61.566,61.663
Belgium,BEL,"Life expectancy at birth, total (years)",SP.DYN.LE00.IN,80.18292683,80.58536585,80.38536585,80.58780488,81.28780488,80.99268293,81.43902439,81.49268293,81.59512195,81.99512195,80.69512195,81.8902439
Benin,BEN,"Life expectancy at birth, total (years)",SP.DYN.LE00.IN,58.363,58.462,58.716,58.965,59.125,59.377,59.539,59.856,60.14,60.454,60.088,59.821
Burkina Faso,BFA,"Life expectancy at birth, total (years)",SP.DYN.LE00.IN,56.477,57.125,57.619,57.823,58.359,58.845,59.326,59.536,60.047,60.039,59.731,59.27
Bangladesh,BGD,"Life expectancy at birth, total (years)",SP.DYN.LE00.IN,68.638,68.809,69.554,69.565,69.986,70.491,71.09,71.788,72.567,72.806,71.968,72.381
Bulgaria,BGR,"Life expectancy at birth, total (years)",SP.DYN.LE00.IN,73.51219512,74.16341463,74.31463415,74.86097561,74.46585366,74.61463415,74.81219512,74.81463415,74.96341463,75.11219512,73.65853659,71.51463415
Bahrain,BHR,"Life expectancy at birth, total (years)",SP.DYN.LE00.IN,78.748,78.89,79.081,79.246,79.328,79.405,79.557,79.689,79.857,80.019,79.174,78.76
"Bahamas, The",BHS,"Life expectancy at birth, total (years)",SP.DYN.LE00.IN,72.731,72.564,72.753,73.024,73.366,73.104,73.537,73.632,73.806,71.205,72.677,71.598
Bosnia and Herzegovina,BIH,"Life expectancy at birth, total (years)",SP.DYN.LE00.IN,77.073,77.007,77.191,76.33,75.659,76.182,76.808,76.935,77.093,77.241,76.225,75.3
Belarus,BLR,"Life expectancy at birth, total (years)",SP.DYN.LE00.IN,70.40487805,70.55365854,71.96585366,72.47073171,72.97073171,73.62439024,73.82682927,74.12926829,74.17560976,74.22682927,72.45721951,72.37068293
Belize,BLZ,"Life expectancy at birth, total (years)",SP.DYN.LE00.IN,72.272,72.651,73.245,73.666,73.311,73.187,73.399,73.562,73.703,73.931,72.854,70.47
Bermuda,BMU,"Life expectancy at birth, total (years)",SP.DYN.LE00.IN,80.499,81.403,81.272,79.992,79.518,80.918,80.608,82.351,80.825,81.033,81.136,79.28
Bolivia,BOL,"Life expectancy at birth, total (years)",SP.DYN.LE00.IN,66.162,66.534,66.705,67.021,67.163,67.318,67.628,67.701,67.748,67.841,64.467,63.63
Brazil,BRA,"Life expectancy at birth, total (years)",SP.DYN.LE00.IN,73.182,73.343,73.552,73.918,74.306,74.332,74.442,74.827,75.109,75.338,74.009,72.75
Barbados,BRB,"Life expectancy at birth, total (years)",SP.DYN.LE00.IN,75.712,75.917,76.099,76.275,76.476,76.65,76.815,76.936,77.067,77.257,77.393,77.571
Brunei Darussalam,BRN,"Life expectancy at birth, total (years)",SP.DYN.LE00.IN,74.849,74.858,74.827,74.799,74.779,74.75,74.733,74.722,74.712,74.748,74.795,74.642
Bhutan,BTN,"Life expectancy at birth, total (years)",SP.DYN.LE00.IN,68.43,68.881,69.326,69.707,70.049,70.343,70.602,70.847,71.129,71.391,71.609,71.815
Botswana,BWA,"Life expectancy at birth, total (years)",SP.DYN.LE00.IN,60.013,60.53,60.8,61.996,62.608,63.818,65.464,66.753,65.422,65.464,65.647,61.141
Central African Republic,CAF,"Life expectancy at birth, total (years)",SP.DYN.LE00.IN,49.255,49.948,50.686,50.902,50.566,52.793,53.46,53.721,54.369,55.025,54.604,53.895
Canada,CAN,"Life expectancy at birth, total (years)",SP.DYN.LE00.IN,81.32219512,81.48268293,81.66365854,81.74487805,81.78439024,81.81560976,81.92487805,81.83292683,81.84390244,82.22878049,81.6704878,82.59660976
Central Europe and the Baltics,CEB,"Life expectancy at birth, total (years)",SP.DYN.LE00.IN,75.29396578,75.88847488,75.9934886,76.35516299,76.67562361,76.57187776,76.96981142,76.94744264,76.97682268,77.26684467,76.08771684,74.93211932
Switzerland,CHE,"Life expectancy at birth, total (years)",SP.DYN.LE00.IN,82.24634146,82.69512195,82.69756098,82.79756098,83.19756098,82.89756098,83.60243902,83.55121951,83.75365854,83.90487805,83,83.85121951
Channel Islands,CHI,"Life expectancy at birth, total (years)",SP.DYN.LE00.IN,81.12,81.726,81.339,81.516,81.884,81.433,81.366,81.331,81.375,81.39,81.264,81.232
Chile,CHL,"Life expectancy at birth, total (years)",SP.DYN.LE00.IN,78.501,79.11,79.023,79.339,79.473,79.746,80.079,80.35,80.133,80.326,79.377,78.944
China,CHN,"Life expectancy at birth, total (years)",SP.DYN.LE00.IN,75.599,75.903,76.192,76.452,76.717,76.977,77.218,77.248,77.744,77.968,78.077,78.211
Cote d'Ivoire,CIV,"Life expectancy at birth, total (years)",SP.DYN.LE00.IN,55.023,55.52,56.158,56.748,57.208,57.762,58.06,58.48,58.849,59.319,59.032,58.598
Cameroon,CMR,"Life expectancy at birth, total (years)",SP.DYN.LE00.IN,56.582,57.133,57.792,58.476,58.935,59.658,60.233,60.81,61.18,61.584,60.833,60.333
"Congo, Dem. Rep.",COD,"Life expectancy at birth, total (years)",SP.DYN.LE00.IN,56.417,57.069,57.248,57.762,58.296,58.49,59.066,59.411,59.942,60.276,59.739,59.193
"Congo, Rep.",COG,"Life expectancy at birth, total (years)",SP.DYN.LE00.IN,61.683,61.992,62.317,62.695,62.95,63.233,63.577,63.76,64.053,62.747,63.785,63.519
Colombia,COL,"Life expectancy at birth, total (years)",SP.DYN.LE00.IN,75.033,75.32,75.597,75.827,76.043,76.257,76.471,76.646,76.748,76.752,74.769,72.83
Comoros,COM,"Life expectancy at birth, total (years)",SP.DYN.LE00.IN,61.123,61.503,61.834,62.224,62.516,62.896,63.237,63.625,63.912,64.068,64.166,63.417
Cabo Verde,CPV,"Life expectancy at birth, total (years)",SP.DYN.LE00.IN,73.499,74.257,74.484,75.059,75.24,74.62,75.742,76.593,75.733,76.004,74.808,74.052
Costa Rica,CRI,"Life expectancy at birth, total (years)",SP.DYN.LE00.IN,78.67,79.348,79.283,79.403,78.774,79.086,79.459,79.377,79.484,79.427,79.277,77.023
Caribbean small states,CSS,"Life expectancy at birth, total (years)",SP.DYN.LE00.IN,72.01868933,72.35846114,72.64070319,72.72090848,72.68087691,72.61026362,72.5605217,72.60089458,72.58368687,72.52340995,72.57920388,70.99625867
Cuba,CUB,"Life expectancy at birth, total (years)",SP.DYN.LE00.IN,77.661,77.76,77.833,77.87,77.853,77.772,77.643,77.529,77.496,77.611,77.567,73.683
Curacao,CUW,"Life expectancy at birth, total (years)",SP.DYN.LE00.IN,,77.47317073,77.52439024,77.82682927,77.97560976,78.07560976,77.7195122,78.01707317,,,,
Cayman Islands,CYM,"Life expectancy at birth, total (years)",SP.DYN.LE00.IN,82.1902439,,,,,,,,,,,
Cyprus,CYP,"Life expectancy at birth, total (years)",SP.DYN.LE00.IN,79.665,79.999,80.109,80.402,80.771,80.966,81.056,81.328,81.382,81.397,81.391,81.203
Czechia,CZE,"Life expectancy at birth, total (years)",SP.DYN.LE00.IN,77.42439024,77.87317073,78.07560976,78.17560976,78.82439024,78.57804878,79.02682927,78.97804878,79.02926829,79.22926829,78.22682927,77.37317073
Germany,DEU,"Life expectancy at birth, total (years)",SP.DYN.LE00.IN,79.98780488,80.43658537,80.53902439,80.4902439,81.0902439,80.64146341,80.9902439,80.99268293,80.89268293,81.29268293,81.04146341,80.90097561
Djibouti,DJI,"Life expectancy at birth, total (years)",SP.DYN.LE00.IN,60.259,60.433,60.848,61.221,61.641,61.957,62.191,62.797,63.038,63.085,62.694,62.305
Dominica,DMA,"Life expectancy at birth, total (years)",SP.DYN.LE00.IN,71.55,69.695,70.538,68.896,69.434,68.727,70.128,67.525,73.59,73.559,73.649,72.814
Denmark,DNK,"Life expectancy at birth, total (years)",SP.DYN.LE00.IN,79.1,79.8,80.05121951,80.3,80.7,80.70243902,80.85365854,81.10243902,80.95365854,81.45121951,81.60243902,81.40487805
Dominican Republic,DOM,"Life expectancy at birth, total (years)",SP.DYN.LE00.IN,72.093,72.221,72.514,72.713,72.867,72.953,72.987,73.063,73.232,73.577,72.889,72.615
Algeria,DZA,"Life expectancy at birth, total (years)",SP.DYN.LE00.IN,73.808,74.123,74.202,74.615,75.11,75.622,75.732,75.743,76.066,76.474,74.453,76.377
East Asia & Pacific (excluding high income),EAP,"Life expectancy at birth, total (years)",SP.DYN.LE00.IN,73.8761729,74.14703458,74.3957727,74.64474646,74.90326857,75.12303517,75.32186322,75.38591132,75.80143372,76.0020203,75.93602464,75.5432913
Early-demographic dividend,EAR,"Life expectancy at birth, total (years)",SP.DYN.LE00.IN,67.86610314,68.29165913,68.67278779,69.06632686,69.48710058,69.87426237,70.21988336,70.54205655,70.79770566,71.01658296,70.02998828,68.46740583
East Asia & Pacific,EAS,"Life expectancy at birth, total (years)",SP.DYN.LE00.IN,74.73436579,74.97135414,75.22981361,75.47911626,75.73130511,75.94881673,76.13792375,76.21239638,76.59417271,76.79777484,76.76194199,76.39391116
Europe & Central Asia (excluding high income),ECA,"Life expectancy at birth, total (years)",SP.DYN.LE00.IN,70.76702478,71.21871533,71.65217147,72.10464277,72.30863923,72.58773076,72.8986354,73.40791613,73.60952651,73.9038168,72.2166617,71.4330857
Europe & Central Asia,ECS,"Life expectancy at birth, total (years)",SP.DYN.LE00.IN,75.98633734,76.45856153,76.64319985,76.98604935,77.29645079,77.23132323,77.56514697,77.77863318,77.91145458,78.18624804,76.95919096,76.63038142
Ecuador,ECU,"Life expectancy at birth, total (years)",SP.DYN.LE00.IN,75.43,75.743,76.062,76.369,76.622,76.789,76.763,76.972,77.094,77.297,72.153,73.67
"Egypt, Arab Rep.",EGY,"Life expectancy at birth, total (years)",SP.DYN.LE00.IN,69.664,69.88,70.085,70.052,70.415,70.483,70.844,71.302,71.367,71.358,70.99,70.221
Euro area,EMU,"Life expectancy at birth, total (years)",SP.DYN.LE00.IN,80.74751218,81.23402434,81.22809474,81.51362679,81.94491592,81.57128882,81.95633831,81.93453307,82.05155281,82.32775602,81.53792022,81.70881156
Eritrea,ERI,"Life expectancy at birth, total (years)",SP.DYN.LE00.IN,63.787,64.402,64.838,65.067,65.6,66.033,66.289,66.577,67.067,67.3,67.133,66.536
Spain,ESP,"Life expectancy at birth, total (years)",SP.DYN.LE00.IN,81.62682927,82.47560976,82.42682927,83.07804878,83.22926829,82.83170732,83.32926829,83.28292683,83.43170732,83.83170732,82.33170732,83.17804878
Estonia,EST,"Life expectancy at birth, total (years)",SP.DYN.LE00.IN,75.42926829,76.22926829,76.32682927,77.14146341,77.03414634,77.5902439,77.64146341,78.09268293,78.24390244,78.64634146,78.59512195,76.74146341
Ethiopia,ETH,"Life expectancy at birth, total (years)",SP.DYN.LE00.IN,59.73,60.721,61.543,62.373,62.905,63.649,64.392,64.838,65.412,65.838,65.371,64.975
European Union,EUU,"Life expectancy at birth, total (years)",SP.DYN.LE00.IN,79.63003371,80.13874215,80.15765949,80.46479377,80.8719824,80.56843942,80.95129748,80.93259862,81.028729,81.31485796,80.45209305,80.38730785
Fragile and conflict affected situations,FCS,"Life expectancy at birth, total (years)",SP.DYN.LE00.IN,59.30555888,59.96427091,60.16457552,60.46396375,60.70788786,61.01220582,61.28991627,61.65438595,61.96927474,62.26686437,61.7597036,61.25059012
Finland,FIN,"Life expectancy at birth, total (years)",SP.DYN.LE00.IN,79.87073171,80.47073171,80.62682927,80.97560976,81.1804878,81.4804878,81.42926829,81.63170732,81.73414634,81.98292683,81.93170732,81.93414634
Fiji,FJI,"Life expectancy at birth, total (years)",SP.DYN.LE00.IN,67.328,67.523,67.552,67.428,67.376,66.844,67.24,67.79,67.81,67.893,67.924,67.114
France,FRA,"Life expectancy at birth, total (years)",SP.DYN.LE00.IN,81.66341463,82.11463415,81.96829268,82.2195122,82.7195122,82.32195122,82.57317073,82.57560976,82.67560976,82.82682927,82.17560976,82.32439024
Faroe Islands,FRO,"Life expectancy at birth, total (years)",SP.DYN.LE00.IN,80.63658537,80.93902439,81.1902439,81.44146341,81.59268293,81.79268293,82.04390244,82.34390244,82.59512195,82.94634146,83.19756098,83.49756098
"Micronesia, Fed. Sts.",FSM,"Life expectancy at birth, total (years)",SP.DYN.LE00.IN,71.233,71.318,71.398,71.499,71.529,71.408,71.595,71.467,71.318,71.077,70.674,70.71
Gabon,GAB,"Life expectancy at birth, total (years)",SP.DYN.LE00.IN,63.898,64.045,64.587,64.776,64.974,65.46,65.802,66.189,66.306,66.603,66.531,65.821
United Kingdom,GBR,"Life expectancy at birth, total (years)",SP.DYN.LE00.IN,80.40243902,80.95121951,80.90487805,81.00487805,81.30487805,80.95609756,81.15609756,81.25609756,81.25609756,81.40487805,80.35121951,80.7
Georgia,GEO,"Life expectancy at birth, total (years)",SP.DYN.LE00.IN,72.128,72.39,72.412,72.628,73.099,73.297,73.569,73.57,73.341,73.47,72.765,71.694
Ghana,GHA,"Life expectancy at birth, total (years)",SP.DYN.LE00.IN,61.157,61.652,62.081,62.42,63.045,63.175,63.89,64.013,64.122,64.74,64.114,63.795
Gibraltar,GIB,"Life expectancy at birth, total (years)",SP.DYN.LE00.IN,80.958,81.871,83.366,80.55,81.882,80.427,81.702,81.83,82.154,82.363,82.198,79.329
Guinea,GIN,"Life expectancy at birth, total (years)",SP.DYN.LE00.IN,56.72,57.019,57.406,57.791,57.886,58.134,58.763,59.109,59.349,59.72,59.327,58.892
"Gambia, The",GMB,"Life expectancy at birth, total (years)",SP.DYN.LE00.IN,60.717,61.526,62.096,62.114,62.269,62.494,63.013,62.995,63.04,63.755,62.612,62.083
Guinea-Bissau,GNB,"Life expectancy at birth, total (years)",SP.DYN.LE00.IN,56.23,56.967,57.69,58.232,58.61,59.128,59.674,60.066,60.502,60.882,59.999,59.652
Equatorial Guinea,GNQ,"Life expectancy at birth, total (years)",SP.DYN.LE00.IN,57.878,58.412,58.865,59.224,59.595,60.103,60.479,60.821,61.191,61.644,60.708,60.594
Greece,GRC,"Life expectancy at birth, total (years)",SP.DYN.LE00.IN,80.38780488,80.73170732,80.63414634,81.28536585,81.38536585,81.03658537,81.38780488,81.28780488,81.78780488,81.63902439,81.28780488,80.18292683
Grenada,GRD,"Life expectancy at birth, total (years)",SP.DYN.LE00.IN,74.999,75.295,75.042,75.116,74.985,75.013,74.762,74.765,74.808,74.863,74.924,74.936
Greenland,GRL,"Life expectancy at birth, total (years)",SP.DYN.LE00.IN,70.29195122,69.82487805,70.55,71.57341463,71.98560976,71.97731707,71.82512195,71.64121951,71.88658537,72.04365854,71.63682927,71.14756098
Guatemala,GTM,"Life expectancy at birth, total (years)",SP.DYN.LE00.IN,70.878,71.177,71.463,71.728,71.964,72.103,72.355,72.551,72.726,73.129,71.797,69.237
Guam,GUM,"Life expectancy at birth, total (years)",SP.DYN.LE00.IN,76.879,76.872,76.707,76.72,76.749,76.616,76.877,77.155,77.439,77.717,76.612,76.656
Guyana,GUY,"Life expectancy at birth, total (years)",SP.DYN.LE00.IN,66.743,66.982,67.23,67.473,67.882,68.201,68.384,68.667,68.896,69.124,68.486,65.673
High income,HIC,"Life expectancy at birth, total (years)",SP.DYN.LE00.IN,79.76076263,80.03239216,80.15202374,80.343409,80.59891528,80.48403238,80.64248185,80.68228313,80.76904705,80.98430049,80.08088128,79.92383024
"Hong Kong SAR, China",HKG,"Life expectancy at birth, total (years)",SP.DYN.LE00.IN,82.97804878,83.42195122,83.4804878,83.83170732,83.9804878,84.27804878,84.22682927,84.6804878,84.93414634,85.1804878,85.49756098,85.49268293
Honduras,HND,"Life expectancy at birth, total (years)",SP.DYN.LE00.IN,71.088,71.439,71.734,71.963,72.259,72.487,72.588,72.692,72.814,72.881,71.462,70.123
Heavily indebted poor countries (HIPC),HPC,"Life expectancy at birth, total (years)",SP.DYN.LE00.IN,58.57768857,59.4752204,60.07801762,60.64456075,61.14707309,61.61254773,62.16196194,62.54976047,62.94757595,63.33805695,62.76172018,62.3027854
Croatia,HRV,"Life expectancy at birth, total (years)",SP.DYN.LE00.IN,76.47560976,76.77560976,76.92439024,77.12682927,77.47804878,77.27560976,78.02195122,77.82682927,78.07073171,78.42439024,77.72439024,76.42439024
Haiti,HTI,"Life expectancy at birth, total (years)",SP.DYN.LE00.IN,46.019,61.623,62.291,62.605,62.987,63.237,63.392,63.854,64.019,64.255,64.052,63.192
Hungary,HUN,"Life expectancy at birth, total (years)",SP.DYN.LE00.IN,74.20731707,74.85853659,75.06341463,75.56585366,75.76341463,75.56829268,76.06341463,75.81707317,76.06585366,76.3195122,75.56829268,74.46585366
IBRD only,IBD,"Life expectancy at birth, total (years)",SP.DYN.LE00.IN,71.45246504,71.79528258,72.14230944,72.49256617,72.85013704,73.15076692,73.41857391,73.64122145,73.93370953,74.12980656,73.37969566,72.12508026
IDA & IBRD total,IBT,"Life expectancy at birth, total (years)",SP.DYN.LE00.IN,68.90050432,69.26958407,69.5859186,69.91145335,70.23744921,70.52487096,70.80658849,71.04398368,71.32245782,71.52596368,70.82203112,69.78012824
IDA total,IDA,"Life expectancy at birth, total (years)",SP.DYN.LE00.IN,60.90685034,61.46284942,61.77733369,62.11037061,62.42243493,62.75489676,63.16793489,63.54283746,63.88195354,64.21269888,63.74892609,63.40290372
IDA blend,IDB,"Life expectancy at birth, total (years)",SP.DYN.LE00.IN,59.07897345,59.46176502,59.65257136,59.95962382,60.12791036,60.36020678,60.56360982,60.87711838,61.07731953,61.33159605,61.00628794,60.6802512
Indonesia,IDN,"Life expectancy at birth, total (years)",SP.DYN.LE00.IN,68.679,68.823,68.973,69.264,69.533,69.699,69.798,69.936,70.338,70.518,68.808,67.57
IDA only,IDX,"Life expectancy at birth, total (years)",SP.DYN.LE00.IN,61.82728355,62.47195236,62.84851462,63.19409576,63.57751275,63.95788921,64.47164293,64.87272865,65.27719306,65.6417934,65.10590483,64.74730082
Isle of Man,IMN,"Life expectancy at birth, total (years)",SP.DYN.LE00.IN,78.983,79.19,79.337,79.473,80.037,78.905,80.314,80.457,80.596,80.737,80.588,80.525
India,IND,"Life expectancy at birth, total (years)",SP.DYN.LE00.IN,66.909,67.359,67.887,68.46,69.074,69.636,70.117,70.467,70.71,70.91,70.15,67.24
Not classified,INX,"Life expectancy at birth, total (years)",SP.DYN.LE00.IN,,,,,,,,,,,,
Ireland,IRL,"Life expectancy at birth, total (years)",SP.DYN.LE00.IN,80.74390244,80.74634146,80.84634146,80.94878049,81.34878049,81.45365854,81.65365854,82.15609756,82.20487805,82.70243902,82.55609756,82.10243902
"Iran, Islamic Rep.",IRN,"Life expectancy at birth, total (years)",SP.DYN.LE00.IN,73.069,73.679,74.186,74.449,74.782,75.124,75.6,75.971,76.195,76.103,74.832,73.875
Iraq,IRQ,"Life expectancy at birth, total (years)",SP.DYN.LE00.IN,67.062,67.659,68.023,68.253,68.914,69.44,68.988,70.413,71.514,71.576,69.123,70.378
Iceland,ISL,"Life expectancy at birth, total (years)",SP.DYN.LE00.IN,81.89756098,82.35853659,82.91707317,82.06097561,82.86097561,82.46829268,82.20487805,82.66097561,82.86097561,83.16341463,83.06341463,83.11707317
Israel,ISR,"Life expectancy at birth, total (years)",SP.DYN.LE00.IN,81.60243902,81.65609756,81.70487805,82.05609756,82.15365854,82.05121951,82.40731707,82.55121951,82.80243902,82.80487805,82.64878049,82.5
Italy,ITA,"Life expectancy at birth, total (years)",SP.DYN.LE00.IN,82.03658537,82.18780488,82.23902439,82.6902439,83.0902439,82.54390244,83.24390244,82.94634146,83.34634146,83.49756098,82.19512195,82.79512195
Jamaica,JAM,"Life expectancy at birth, total (years)",SP.DYN.LE00.IN,72.622,73.094,73.433,73.412,72.982,72.394,72.02,71.911,71.793,71.767,71.869,70.5
Jordan,JOR,"Life expectancy at birth, total (years)",SP.DYN.LE00.IN,74,74.189,74.366,74.562,74.789,75.011,75.215,75.502,75.774,76.044,75.184,74.256
Japan,JPN,"Life expectancy at birth, total (years)",SP.DYN.LE00.IN,82.84268293,82.59121951,83.09609756,83.33195122,83.58780488,83.79390244,83.98487805,84.0997561,84.21097561,84.35634146,84.56,84.44560976
Kazakhstan,KAZ,"Life expectancy at birth, total (years)",SP.DYN.LE00.IN,68.45,68.69,69.52,70.62,71.44,71.97,72.41,72.95,73.15,73.18,71.37,70.23
Kenya,KEN,"Life expectancy at birth, total (years)",SP.DYN.LE00.IN,60.649,61.046,61.115,61.389,61.816,61.892,62.163,62.481,62.676,62.943,62.675,61.427
Kyrgyz Republic,KGZ,"Life expectancy at birth, total (years)",SP.DYN.LE00.IN,69.3,69.60243902,70.00243902,70.20243902,70.40243902,70.65121951,70.95121951,71.2,71.4,71.6,71.8,71.9
Cambodia,KHM,"Life expectancy at birth, total (years)",SP.DYN.LE00.IN,67.712,68.416,68.915,69.304,69.736,69.873,70.224,70.515,70.561,70.692,70.416,69.584
Kiribati,KIR,"Life expectancy at birth, total (years)",SP.DYN.LE00.IN,65.016,65.19,65.378,65.588,65.815,66.059,66.332,66.597,66.855,67.15,67.266,67.417
St. Kitts and Nevis,KNA,"Life expectancy at birth, total (years)",SP.DYN.LE00.IN,71.27,71.538,71.669,71.457,70.966,70.763,71.74,71.84,71.467,71.572,71.627,71.682
"Korea, Rep.",KOR,"Life expectancy at birth, total (years)",SP.DYN.LE00.IN,80.11707317,80.56829268,80.8195122,81.27073171,81.72195122,82.02439024,82.27560976,82.62682927,82.62682927,83.22682927,83.42682927,83.52682927
Kuwait,KWT,"Life expectancy at birth, total (years)",SP.DYN.LE00.IN,77.982,78.464,78.812,79.164,79.445,79.562,79.701,79.781,79.722,79.685,76.92,78.673
Latin America & Caribbean (excluding high income),LAC,"Life expectancy at birth, total (years)",SP.DYN.LE00.IN,73.17970894,73.69430632,73.93763446,74.19106394,74.42849192,74.47226527,74.4717518,74.64282278,74.77198108,74.96199687,72.83630332,71.90735614
Lao PDR,LAO,"Life expectancy at birth, total (years)",SP.DYN.LE00.IN,63.973,64.736,65.355,65.718,66.361,66.67,67.167,67.434,67.634,68.138,68.497,68.061
Lebanon,LBN,"Life expectancy at birth, total (years)",SP.DYN.LE00.IN,78.156,78.404,78.628,78.765,78.973,79.229,79.505,79.654,79.729,79.236,77.804,75.047
Liberia,LBR,"Life expectancy at birth, total (years)",SP.DYN.LE00.IN,59.433,59.62,59.913,59.943,59.121,59.148,60.416,60.553,60.853,61.104,60.948,60.747
Libya,LBY,"Life expectancy at birth, total (years)",SP.DYN.LE00.IN,72.374,70.071,72.247,72.34,71.511,71.698,71.756,72.482,72.794,72.463,72.472,71.911
St. Lucia,LCA,"Life expectancy at birth, total (years)",SP.DYN.LE00.IN,72.72,72.944,72.882,72.735,72.864,73.138,73.112,73.127,73.357,73.445,73.416,71.111
Latin America & Caribbean,LCN,"Life expectancy at birth, total (years)",SP.DYN.LE00.IN,73.38564296,73.87154444,74.0973427,74.34648539,74.5506477,74.61196958,74.57923288,74.7334935,74.85149878,75.03834947,73.03847417,72.14743483
Least developed countries: UN classification,LDC,"Life expectancy at birth, total (years)",SP.DYN.LE00.IN,60.96630398,61.68605925,62.2606485,62.70394668,63.12340036,63.49578313,64.01958645,64.41446717,64.81849985,65.15557375,64.63474279,64.2158675
Low income,LIC,"Life expectancy at birth, total (years)",SP.DYN.LE00.IN,59.72513945,60.30491201,60.55789986,60.92835208,61.31160576,61.69951841,62.21424115,62.62371391,62.99520392,63.42399094,62.95453254,62.49610951
Liechtenstein,LIE,"Life expectancy at birth, total (years)",SP.DYN.LE00.IN,81.84146341,81.79268293,82.38292683,82.26097561,82.07317073,82.65609756,82.25853659,83.74634146,83.04146341,84.16097561,81.65853659,84.40243902
Sri Lanka,LKA,"Life expectancy at birth, total (years)",SP.DYN.LE00.IN,73.215,73.38,73.906,74.239,74.651,74.927,75.331,75.403,75.748,76.008,76.393,76.399
Lower middle income,LMC,"Life expectancy at birth, total (years)",SP.DYN.LE00.IN,65.92285537,66.36867881,66.77189297,67.17213892,67.60360316,67.99316574,68.37477433,68.69523481,68.93248831,69.12996818,68.55190232,66.91196899
Low & middle income,LMY,"Life expectancy at birth, total (years)",SP.DYN.LE00.IN,68.79825464,69.16722924,69.49059668,69.81875565,70.14897307,70.44060366,70.72636818,70.96821906,71.2520319,71.45555988,70.76381967,69.71910838
Lesotho,LSO,"Life expectancy at birth, total (years)",SP.DYN.LE00.IN,45.596,46.692,47.835,49.002,50.033,51.101,52.264,53.064,53.733,54.173,54.693,53.062
Late-demographic dividend,LTE,"Life expectancy at birth, total (years)",SP.DYN.LE00.IN,74.61511298,74.9490628,75.22631079,75.5210169,75.79063086,76.01296843,76.25807071,76.40033641,76.77063412,76.99290643,76.72290889,76.34211268
Lithuania,LTU,"Life expectancy at birth, total (years)",SP.DYN.LE00.IN,73.26829268,73.56341463,73.86341463,73.91463415,74.51707317,74.32195122,74.67073171,75.4804878,75.6804878,76.28292683,74.97804878,74.33902439
Luxembourg,LUX,"Life expectancy at birth, total (years)",SP.DYN.LE00.IN,80.63170732,80.98780488,81.39268293,81.8,82.22926829,82.29268293,82.68536585,82.09512195,82.29512195,82.63902439,82.14390244,82.74878049
Latvia,LVA,"Life expectancy at birth, total (years)",SP.DYN.LE00.IN,73.48292683,73.57560976,73.77804878,73.98292683,74.12439024,74.4804878,74.5804878,74.62926829,74.78292683,75.38780488,75.18536585,73.28292683
"Macao SAR, China",MAC,"Life expectancy at birth, total (years)",SP.DYN.LE00.IN,83.109,83.229,83.326,83.727,83.883,83.984,84.231,84.563,84.928,84.978,85.184,85.399
St. Martin (French part),MAF,"Life expectancy at birth, total (years)",SP.DYN.LE00.IN,78.406,78.827,79.022,78.908,79.966,79.309,79.475,78.59,80.614,79.983,80.149,80.379
Morocco,MAR,"Life expectancy at birth, total (years)",SP.DYN.LE00.IN,70.829,71.269,71.679,72.122,72.538,72.92,73.284,73.66,73.986,74.27,73.92,74.042
Monaco,MCO,"Life expectancy at birth, total (years)",SP.DYN.LE00.IN,,,,,,,,,,,,
Moldova,MDA,"Life expectancy at birth, total (years)",SP.DYN.LE00.IN,69.357,69.192,69.143,69.099,69.031,69.24,69.917,70.516,70.492,70.935,70.166,68.846
Madagascar,MDG,"Life expectancy at birth, total (years)",SP.DYN.LE00.IN,62.873,63.494,63.544,63.962,64.255,64.339,64.997,65.094,65.27,65.882,65.182,64.485
Maldives,MDV,"Life expectancy at birth, total (years)",SP.DYN.LE00.IN,77.657,78.124,78.682,79.057,79.424,79.695,79.872,79.943,80.013,80.116,79.875,79.918
Middle East & North Africa,MEA,"Life expectancy at birth, total (years)",SP.DYN.LE00.IN,72.10638332,72.37228523,72.28467802,72.34424267,72.62386339,72.88951608,73.15252184,73.60974285,73.81151713,73.95911501,72.94976833,72.74592079
Mexico,MEX,"Life expectancy at birth, total (years)",SP.DYN.LE00.IN,74.19,74.365,74.574,74.739,74.797,74.682,74.412,74.138,74.015,74.202,70.133,70.213
Marshall Islands,MHL,"Life expectancy at birth, total (years)",SP.DYN.LE00.IN,63.226,63.256,63.373,63.464,63.623,63.827,64.057,64.27,64.5,64.746,64.977,65.269
Middle income,MIC,"Life expectancy at birth, total (years)",SP.DYN.LE00.IN,69.68120236,70.04364845,70.38719897,70.7226703,71.05877653,71.3525608,71.62772079,71.86572275,72.15486592,72.34957597,71.64918695,70.55329121
North Macedonia,MKD,"Life expectancy at birth, total (years)",SP.DYN.LE00.IN,74.99756098,75.1,74.90243902,75.4,75.45121951,75.40243902,75.4,75.95365854,76.64878049,76.60243902,74.39512195,74.53682927
Mali,MLI,"Life expectancy at birth, total (years)",SP.DYN.LE00.IN,56.382,56.755,57.079,57.357,57.9,58.363,58.731,59.132,59.393,59.664,58.633,58.941
Malta,MLT,"Life expectancy at birth, total (years)",SP.DYN.LE00.IN,81.39756098,80.74634146,80.74634146,81.74634146,82.04634146,81.89756098,82.45365854,82.34634146,82.44878049,82.85853659,82.34878049,82.86097561
Myanmar,MMR,"Life expectancy at birth, total (years)",SP.DYN.LE00.IN,63.329,63.901,64.141,64.815,65.056,65.561,65.685,65.843,66.465,66.61,66.797,65.672
Middle East & North Africa (excluding high income),MNA,"Life expectancy at birth, total (years)",SP.DYN.LE00.IN,71.27684186,71.52285846,71.37764715,71.40574681,71.70277903,71.98618912,72.25648838,72.76700114,72.98437342,73.14391859,72.172697,71.89987573
Montenegro,MNE,"Life expectancy at birth, total (years)",SP.DYN.LE00.IN,75.9902439,75.98292683,76.2,76.4902439,76.44146341,76.44878049,76.44146341,76.48536585,76.84146341,76.68292683,75.93170732,73.82439024
Mongolia,MNG,"Life expectancy at birth, total (years)",SP.DYN.LE00.IN,67.182,67.439,68.111,68.585,69.047,69.498,69.865,70.237,71.199,71.822,72.141,70.975
Northern Mariana Islands,MNP,"Life expectancy at birth, total (years)",SP.DYN.LE00.IN,,,,,,,,,,,,
Mozambique,MOZ,"Life expectancy at birth, total (years)",SP.DYN.LE00.IN,54.198,54.869,55.639,56.492,57.274,58.151,59.038,59.771,60.526,61.166,61.172,59.325
Mauritania,MRT,"Life expectancy at birth, total (years)",SP.DYN.LE00.IN,63.105,63.346,63.578,63.911,64.155,64.485,64.768,65.083,65.31,65.687,64.532,64.364
Mauritius,MUS,"Life expectancy at birth, total (years)",SP.DYN.LE00.IN,72.96731707,73.26682927,73.86341463,74.01707317,74.19439024,74.35317073,74.39487805,74.51463415,74.41634146,74.23585366,74.17707317,73.6802439
Malawi,MWI,"Life expectancy at birth, total (years)",SP.DYN.LE00.IN,56.381,57.455,58.679,59.729,60.899,61.378,62.209,62.977,63.276,64.119,63.717,62.904
Malaysia,MYS,"Life expectancy at birth, total (years)",SP.DYN.LE00.IN,74.442,74.746,74.944,75.035,75.146,75.094,75.289,75.476,75.644,75.76,75.938,74.884
North America,NAC,"Life expectancy at birth, total (years)",SP.DYN.LE00.IN,78.8171965,78.92397044,79.03288391,79.04171276,79.13628432,79.00364571,78.87972427,78.87247617,78.9657813,79.14171238,77.46351685,76.97672317
Namibia,NAM,"Life expectancy at birth, total (years)",SP.DYN.LE00.IN,56.015,56.553,57.64,58.694,59.822,60.7,61.682,62.293,62.586,63.075,62.829,59.269
New Caledonia,NCL,"Life expectancy at birth, total (years)",SP.DYN.LE00.IN,77.2804878,76.63170732,77.07804878,77.17804878,77.23658537,77.2804878,76.93170732,77.53902439,80.00309756,80.41970732,80.83495122,79.12734146
Niger,NER,"Life expectancy at birth, total (years)",SP.DYN.LE00.IN,58.367,58.994,59.65,60.239,60.786,61.083,61.629,62.16,62.454,62.897,61.451,61.576
Nigeria,NGA,"Life expectancy at birth, total (years)",SP.DYN.LE00.IN,50.945,51.357,51.497,51.707,51.791,51.841,52.043,52.305,52.554,52.91,52.887,52.676
Nicaragua,NIC,"Life expectancy at birth, total (years)",SP.DYN.LE00.IN,72.009,72.416,72.615,72.704,72.812,72.983,73.256,73.554,73.85,74.054,71.795,73.837
Netherlands,NLD,"Life expectancy at birth, total (years)",SP.DYN.LE00.IN,80.70243902,81.20487805,81.10487805,81.30487805,81.70731707,81.5097561,81.56097561,81.76097561,81.81219512,82.11219512,81.35853659,81.46097561
Norway,NOR,"Life expectancy at birth, total (years)",SP.DYN.LE00.IN,80.99756098,81.29512195,81.45121951,81.75121951,82.1,82.30487805,82.40731707,82.6097561,82.75853659,82.95853659,83.2097561,83.16341463
Nepal,NPL,"Life expectancy at birth, total (years)",SP.DYN.LE00.IN,66.814,67.313,67.47,67.965,68.085,67.456,68.776,68.91,68.979,69.558,69.246,68.45
Nauru,NRU,"Life expectancy at birth, total (years)",SP.DYN.LE00.IN,59.64,60.24,60.715,61.231,61.807,62.269,62.702,62.988,63.234,63.484,63.437,63.617
New Zealand,NZL,"Life expectancy at birth, total (years)",SP.DYN.LE00.IN,80.90487805,81.15609756,81.40731707,81.40487805,81.45682927,81.61243902,81.65853659,81.85853659,81.70731707,82.05609756,82.25609756,82.20731707
OECD members,OED,"Life expectancy at birth, total (years)",SP.DYN.LE00.IN,79.09256756,79.31984608,79.47396174,79.66970266,79.91665125,79.79076496,79.90265417,79.92965895,80.00903703,80.22207852,78.89838737,78.71416613
Oman,OMN,"Life expectancy at birth, total (years)",SP.DYN.LE00.IN,76.269,76.608,77.061,77.246,77.446,77.687,77.916,77.924,77.966,78.002,74.757,72.541
Other small states,OSS,"Life expectancy at birth, total (years)",SP.DYN.LE00.IN,64.55296037,65.07533591,65.63222371,66.21211563,66.70960829,67.28883688,67.90554881,68.37726156,68.49629251,68.77113447,68.25557483,66.98962292
Pakistan,PAK,"Life expectancy at birth, total (years)",SP.DYN.LE00.IN,64.436,64.648,64.782,65.15,65.284,65.697,65.88,66.297,66.482,66.756,66.269,66.098
Panama,PAN,"Life expectancy at birth, total (years)",SP.DYN.LE00.IN,76.448,76.627,76.819,77.038,77.248,77.468,77.653,77.795,77.863,77.81,76.657,76.223
Peru,PER,"Life expectancy at birth, total (years)",SP.DYN.LE00.IN,73.711,74.133,74.544,74.967,75.333,75.621,75.789,75.879,76.009,76.156,73.665,72.377
Philippines,PHL,"Life expectancy at birth, total (years)",SP.DYN.LE00.IN,70.754,70.788,70.881,70.835,71.151,71.268,71.387,71.516,71.689,71.865,72.119,69.266
Palau,PLW,"Life expectancy at birth, total (years)",SP.DYN.LE00.IN,,,,,,,,,,,,
Papua New Guinea,PNG,"Life expectancy at birth, total (years)",SP.DYN.LE00.IN,63.039,63.526,63.733,63.961,64.259,64.701,64.84,65.103,65.182,65.474,65.787,65.351
Poland,POL,"Life expectancy at birth, total (years)",SP.DYN.LE00.IN,76.24634146,76.69512195,76.74634146,77,77.60243902,77.45121951,77.85121951,77.75365854,77.60243902,77.90487805,76.5,75.60243902
Pre-demographic dividend,PRE,"Life expectancy at birth, total (years)",SP.DYN.LE00.IN,56.81196828,57.38710652,57.8697927,58.33005929,58.75219654,59.11937126,59.52391506,59.95061135,60.35483878,60.72165737,60.24953184,59.87258063
Puerto Rico,PRI,"Life expectancy at birth, total (years)",SP.DYN.LE00.IN,78.01,78.316,78.461,78.777,78.929,79.695,80.27,79.258,79.77,79.063,78.041,80.162
"Korea, Dem. People's Rep.",PRK,"Life expectancy at birth, total (years)",SP.DYN.LE00.IN,70.419,70.978,71.626,72.319,72.942,72.784,72.805,72.978,73.031,73.198,73.274,73.284
Portugal,PRT,"Life expectancy at birth, total (years)",SP.DYN.LE00.IN,79.02682927,80.47073171,80.37317073,80.72195122,81.12195122,81.12439024,81.12439024,81.42439024,81.32439024,81.67560976,80.97560976,81.07317073
Paraguay,PRY,"Life expectancy at birth, total (years)",SP.DYN.LE00.IN,71.887,72.131,72.454,72.757,72.878,73.191,73.534,73.644,73.568,73.621,73.182,70.262
West Bank and Gaza,PSE,"Life expectancy at birth, total (years)",SP.DYN.LE00.IN,73.004,73.243,73.466,74.029,72.622,74.406,74.554,74.833,74.793,75.241,74.403,73.473
Pacific island small states,PSS,"Life expectancy at birth, total (years)",SP.DYN.LE00.IN,68.39569841,68.53138452,68.59709178,68.62577395,68.64263989,68.56220876,68.82751124,69.11886489,69.21374829,69.29425141,69.3649211,69.16359418
Post-demographic dividend,PST,"Life expectancy at birth, total (years)",SP.DYN.LE00.IN,79.68519081,79.95038526,80.08387248,80.26021548,80.51601285,80.38202542,80.5395097,80.58368938,80.67112754,80.89908326,80.00447533,79.79789054
French Polynesia,PYF,"Life expectancy at birth, total (years)",SP.DYN.LE00.IN,81.039,81.429,81.759,82.017,82.214,82.354,82.488,82.618,82.783,82.996,82.217,79.486
Qatar,QAT,"Life expectancy at birth, total (years)",SP.DYN.LE00.IN,78.425,78.891,79.227,79.536,79.768,80.064,80.433,80.717,80.898,80.99,79.099,79.272
Romania,ROU,"Life expectancy at birth, total (years)",SP.DYN.LE00.IN,73.45853659,74.4097561,74.41219512,75.06341463,74.9097561,74.91219512,75.2097561,75.3097561,75.35853659,75.60731707,74.25365854,72.96097561
Russian Federation,RUS,"Life expectancy at birth, total (years)",SP.DYN.LE00.IN,68.84121951,69.68390244,70.07219512,70.57878049,70.74365854,71.18341463,71.65121951,72.45146341,72.66219512,73.08390244,71.33878049,69.36121951
Rwanda,RWA,"Life expectancy at birth, total (years)",SP.DYN.LE00.IN,62.54,63.261,64.009,64.426,64.94,65.298,65.737,65.941,66.251,66.437,66.774,66.072
South Asia,SAS,"Life expectancy at birth, total (years)",SP.DYN.LE00.IN,66.75099424,67.14243659,67.63201789,68.1214015,68.6382507,69.14378351,69.60957244,69.97928938,70.25347861,70.47275497,69.74833092,67.57912905
Saudi Arabia,SAU,"Life expectancy at birth, total (years)",SP.DYN.LE00.IN,75.763,76.234,76.461,76.626,76.757,76.918,77.064,77.16,77.212,77.304,76.239,76.936
Sudan,SDN,"Life expectancy at birth, total (years)",SP.DYN.LE00.IN,63.016,63.246,63.792,63.678,64.269,64.659,64.78,65.445,65.681,65.876,65.614,65.267
Senegal,SEN,"Life expectancy at birth, total (years)",SP.DYN.LE00.IN,64.615,65.262,65.457,66.072,66.452,66.879,67.497,67.75,68.097,68.526,68.006,67.093
Singapore,SGP,"Life expectancy at birth, total (years)",SP.DYN.LE00.IN,81.54146341,81.74390244,81.99512195,82.24634146,82.49512195,82.74390244,82.84634146,83.09512195,83.29756098,83.59512195,84.46585366,83.44146341
Solomon Islands,SLB,"Life expectancy at birth, total (years)",SP.DYN.LE00.IN,68.732,68.908,69.084,69.188,69.234,69.583,69.801,69.988,70.173,70.382,70.199,70.348
Sierra Leone,SLE,"Life expectancy at birth, total (years)",SP.DYN.LE00.IN,53.693,54.62,55.451,56.313,56.393,57.189,58.404,58.652,59.796,60.255,59.763,60.062
El Salvador,SLV,"Life expectancy at birth, total (years)",SP.DYN.LE00.IN,71.848,71.859,71.831,71.771,71.746,71.814,72.025,72.311,72.555,72.559,71.061,70.748
San Marino,SMR,"Life expectancy at birth, total (years)",SP.DYN.LE00.IN,,,,,,,,,,,,
Somalia,SOM,"Life expectancy at birth, total (years)",SP.DYN.LE00.IN,50.563,51.304,53.161,53.843,54.277,54.857,55.044,55.654,56.375,57.078,55.967,55.28
Serbia,SRB,"Life expectancy at birth, total (years)",SP.DYN.LE00.IN,74.33658537,74.53658537,74.83658537,75.18536585,75.33658537,75.28780488,75.68780488,75.53902439,75.8902439,75.93658537,74.47804878,72.73073171
Sub-Saharan Africa (excluding high income),SSA,"Life expectancy at birth, total (years)",SP.DYN.LE00.IN,56.84569723,57.55714406,58.13948003,58.66668187,59.14134689,59.56161718,60.06772333,60.47589307,60.86196643,61.24317607,60.84749279,60.24063783
South Sudan,SSD,"Life expectancy at birth, total (years)",SP.DYN.LE00.IN,54.812,54.94,55.865,55.751,54.973,55.566,55.544,55.309,55.95,55.912,55.48,54.975
Sub-Saharan Africa,SSF,"Life expectancy at birth, total (years)",SP.DYN.LE00.IN,56.84736569,57.55861069,58.14101325,58.668043,59.1426582,59.5629817,60.06902467,60.47713846,60.86302754,61.24429052,60.84889442,60.24174346
Small states,SST,"Life expectancy at birth, total (years)",SP.DYN.LE00.IN,66.25767121,66.704324,67.16178487,67.59565915,67.94508487,68.3472918,68.80769833,69.18060321,69.26893496,69.46719962,69.08257253,67.82243894
Sao Tome and Principe,STP,"Life expectancy at birth, total (years)",SP.DYN.LE00.IN,65.249,64.902,65.746,66.328,66.845,67.249,67.492,68.267,68.355,68.523,67.785,67.591
Suriname,SUR,"Life expectancy at birth, total (years)",SP.DYN.LE00.IN,69.894,69.914,69.764,69.682,69.782,70.8,71.592,72.417,72.553,72.242,72.561,70.274
Slovak Republic,SVK,"Life expectancy at birth, total (years)",SP.DYN.LE00.IN,75.11219512,75.95853659,76.1097561,76.41219512,76.81219512,76.56341463,77.16585366,77.16585366,77.26585366,77.66585366,76.86585366,74.71463415
Slovenia,SVN,"Life expectancy at birth, total (years)",SP.DYN.LE00.IN,79.42195122,79.97073171,80.12439024,80.32195122,81.07804878,80.77560976,81.17560976,81.02926829,81.37804878,81.52926829,80.53170732,80.87560976
Sweden,SWE,"Life expectancy at birth, total (years)",SP.DYN.LE00.IN,81.45121951,81.80243902,81.70487805,81.95609756,82.25365854,82.20487805,82.30731707,82.4097561,82.55853659,83.1097561,82.35609756,83.15609756
Eswatini,SWZ,"Life expectancy at birth, total (years)",SP.DYN.LE00.IN,46.619,48.195,49.835,51.486,53.05,55.019,56.659,57.895,59.411,60.549,59.692,57.066
Sint Maarten (Dutch part),SXM,"Life expectancy at birth, total (years)",SP.DYN.LE00.IN,75.132,74.684,74.608,74.917,76.773,76.954,76.598,75.03,75.131,75.437,74.584,73.972
Seychelles,SYC,"Life expectancy at birth, total (years)",SP.DYN.LE00.IN,73.19756098,72.72439024,74.27560976,73.1195122,73.22926829,74.29512195,74.3097561,74.3,72.84146341,74.04634146,77.23658537,73.39756098
Syrian Arab Republic,SYR,"Life expectancy at birth, total (years)",SP.DYN.LE00.IN,73.881,73.305,66.769,63.827,63.153,65.124,65.993,68.481,70.145,71.822,72.14,72.063
Turks and Caicos Islands,TCA,"Life expectancy at birth, total (years)",SP.DYN.LE00.IN,76.243,76.195,77.037,77.018,77.135,76.912,76.864,76.702,76.443,75.326,75.001,74.587
Chad,TCD,"Life expectancy at birth, total (years)",SP.DYN.LE00.IN,49.584,50.009,50.54,50.781,51.202,51.589,52.083,52.308,52.825,53.259,52.777,52.525
East Asia & Pacific (IDA & IBRD countries),TEA,"Life expectancy at birth, total (years)",SP.DYN.LE00.IN,73.9199887,74.18704409,74.43057925,74.67384968,74.92772481,75.15214647,75.35312048,75.41573339,75.83569328,76.03665735,75.96889033,75.57119341
Europe & Central Asia (IDA & IBRD countries),TEC,"Life expectancy at birth, total (years)",SP.DYN.LE00.IN,71.41781205,71.88691778,72.26168438,72.6995609,72.91822053,73.13988545,73.45757638,73.88919837,74.05321845,74.34477431,72.70120672,71.87860331
Togo,TGO,"Life expectancy at birth, total (years)",SP.DYN.LE00.IN,57.304,57.925,58.073,58.684,58.853,59.396,59.55,60.154,60.244,60.901,61.035,61.619
Thailand,THA,"Life expectancy at birth, total (years)",SP.DYN.LE00.IN,76.131,76.421,76.772,77.083,77.415,77.717,78.049,78.394,78.662,78.975,79.274,78.715
Tajikistan,TJK,"Life expectancy at birth, total (years)",SP.DYN.LE00.IN,67.742,68.148,68.484,68.885,69.069,69.306,69.549,69.905,70.353,70.867,67.994,71.594
Turkmenistan,TKM,"Life expectancy at birth, total (years)",SP.DYN.LE00.IN,68.293,68.567,68.722,68.74,68.614,68.782,68.777,68.916,68.796,69.002,68.687,69.264
Latin America & the Caribbean (IDA & IBRD countries),TLA,"Life expectancy at birth, total (years)",SP.DYN.LE00.IN,73.26790988,73.76476008,73.99559559,74.2498057,74.45969343,74.52116454,74.48797044,74.65534965,74.77648839,74.97182396,72.92795485,72.07490252
Timor-Leste,TLS,"Life expectancy at birth, total (years)",SP.DYN.LE00.IN,65.304,65.697,66.081,66.44,66.787,67.137,67.446,67.745,68.017,68.268,68.475,67.737
Middle East & North Africa (IDA & IBRD countries),TMN,"Life expectancy at birth, total (years)",SP.DYN.LE00.IN,71.25758184,71.50354787,71.35405194,71.37597722,71.69231407,71.95855147,72.23013228,72.74322855,72.96338906,73.11939013,72.1463762,71.88113054
Tonga,TON,"Life expectancy at birth, total (years)",SP.DYN.LE00.IN,70.323,70.381,70.442,70.505,70.54,70.607,70.661,70.713,70.779,70.871,70.928,70.986
South Asia (IDA & IBRD),TSA,"Life expectancy at birth, total (years)",SP.DYN.LE00.IN,66.75099424,67.14243659,67.63201789,68.1214015,68.6382507,69.14378351,69.60957244,69.97928938,70.25347861,70.47275497,69.74833092,67.57912905
Sub-Saharan Africa (IDA & IBRD countries),TSS,"Life expectancy at birth, total (years)",SP.DYN.LE00.IN,56.84736569,57.55861069,58.14101325,58.668043,59.1426582,59.5629817,60.06902467,60.47713846,60.86302754,61.24429052,60.84889442,60.24174346
Trinidad and Tobago,TTO,"Life expectancy at birth, total (years)",SP.DYN.LE00.IN,72.725,73.278,73.716,73.962,74.215,74.503,74.281,74.23,73.802,74.228,74.406,72.971
Tunisia,TUN,"Life expectancy at birth, total (years)",SP.DYN.LE00.IN,75.421,75.46,75.55,75.65,75.65,75.692,75.786,75.845,75.95,75.993,75.292,73.772
Turkiye,TUR,"Life expectancy at birth, total (years)",SP.DYN.LE00.IN,75.069,74.941,75.678,76.297,76.565,76.646,76.66,77.141,77.563,77.832,75.85,76.032
Tuvalu,TUV,"Life expectancy at birth, total (years)",SP.DYN.LE00.IN,63.978,63.974,63.964,64.008,64.025,64.06,64.108,64.148,64.212,64.278,64.382,64.547
Tanzania,TZA,"Life expectancy at birth, total (years)",SP.DYN.LE00.IN,60.105,61.049,62.03,62.96,63.873,64.651,65.386,65.999,66.535,66.989,66.408,66.201
Uganda,UGA,"Life expectancy at birth, total (years)",SP.DYN.LE00.IN,57.055,57.965,58.817,59.763,60.408,61.086,61.648,62.115,62.714,62.991,62.851,62.705
Ukraine,UKR,"Life expectancy at birth, total (years)",SP.DYN.LE00.IN,70.26536585,70.80926829,70.94414634,71.1595122,71.18658537,71.1895122,71.47634146,71.78097561,71.58268293,71.82731707,71.18512195,69.64780488
Upper middle income,UMC,"Life expectancy at birth, total (years)",SP.DYN.LE00.IN,73.60644456,73.91488157,74.22327287,74.51676739,74.77803014,74.99509383,75.18081729,75.35372723,75.72669664,75.94624187,75.13919646,74.69472802
Uruguay,URY,"Life expectancy at birth, total (years)",SP.DYN.LE00.IN,76.858,76.983,77.111,77.24,77.366,77.483,77.571,77.625,77.611,77.508,78.43,75.436
United States,USA,"Life expectancy at birth, total (years)",SP.DYN.LE00.IN,78.54146341,78.64146341,78.74146341,78.74146341,78.84146341,78.6902439,78.53902439,78.53902439,78.63902439,78.78780488,76.9804878,76.32926829
Uzbekistan,UZB,"Life expectancy at birth, total (years)",SP.DYN.LE00.IN,69.235,69.649,69.874,69.99,70.234,70.475,70.755,71.01,71.149,71.344,70.331,70.862
St. Vincent and the Grenadines,VCT,"Life expectancy at birth, total (years)",SP.DYN.LE00.IN,74.718,74.596,74.146,73.798,74.473,74.407,74.28,74.305,74.128,72.835,72.126,69.629
"Venezuela, RB",VEN,"Life expectancy at birth, total (years)",SP.DYN.LE00.IN,72.89,72.913,73.036,73.196,72.853,73.006,72.058,71.943,71.979,72.161,71.095,70.554
British Virgin Islands,VGB,"Life expectancy at birth, total (years)",SP.DYN.LE00.IN,75.428,75.486,75.532,75.574,75.612,75.675,75.724,74.785,75.831,75.863,75.849,74.494
Virgin Islands (U.S.),VIR,"Life expectancy at birth, total (years)",SP.DYN.LE00.IN,77.86585366,78.31707317,78.51707317,78.71707317,78.86829268,79.01707317,79.16829268,79.36829268,79.5195122,79.66829268,79.8195122,80.06829268
Vietnam,VNM,"Life expectancy at birth, total (years)",SP.DYN.LE00.IN,73.513,73.692,73.704,73.775,73.855,73.876,73.938,73.963,73.976,74.093,75.378,73.618
Vanuatu,VUT,"Life expectancy at birth, total (years)",SP.DYN.LE00.IN,69.617,69.551,69.497,69.534,69.465,69.513,69.65,69.71,69.795,69.877,70.299,70.449
World,WLD,"Life expectancy at birth, total (years)",SP.DYN.LE00.IN,70.67123434,71.00826967,71.28444007,71.57750561,71.8814711,72.09521828,72.3453516,72.54277589,72.78408956,72.97971594,72.24382211,71.32739068
Samoa,WSM,"Life expectancy at birth, total (years)",SP.DYN.LE00.IN,72.249,72.26,72.167,72.391,72.463,72.515,72.54,72.59,72.636,72.157,72.768,72.767
Kosovo,XKX,"Life expectancy at birth, total (years)",SP.DYN.LE00.IN,77.63,77.74,78.28,78.587,78.88,78.922,78.981,78.783,78.696,79.022,76.567,76.806
"Yemen, Rep.",YEM,"Life expectancy at birth, total (years)",SP.DYN.LE00.IN,67.28,67.419,67.343,67.545,67.384,65.873,66.064,65.957,64.575,65.092,64.65,63.753
South Africa,ZAF,"Life expectancy at birth, total (years)",SP.DYN.LE00.IN,58.899,60.651,61.846,62.533,63.38,63.95,64.747,65.402,65.674,66.175,65.252,62.341
Zambia,ZMB,"Life expectancy at birth, total (years)",SP.DYN.LE00.IN,56.799,57.771,58.867,59.878,60.699,61.208,61.794,62.12,62.342,62.793,62.38,61.223
Zimbabwe,ZWE,"Life expectancy at birth, total (years)",SP.DYN.LE00.IN,50.652,53.347,55.626,57.458,58.846,59.591,60.306,60.709,61.414,61.292,61.124,59.253
